Product URL,Product Name,Product Price,Rating,Number of Reviews,Description,ASIN,Product Description,Manufacturer
https://www.amazon.in/Wesley-Milestone-Waterproof-Backpack-Business/dp/B084JGJ8PF/ref=ice_ac_b_dpb,Wesley Milestone 2.0 Casual Waterproof Laptop Backpack/Office Bag/School Bag/College Bag/Business Bag/Travel Backpack (Dimensions:13x18 inches) (Compatible with 39.62cm(15.6inch laptop) 30 L (Blue & black),₹550,4.3,N/A,"Amazon.in: Buy Wesley Milestone 2.0 Casual Waterproof Laptop Backpack/Office Bag/School Bag/College Bag/Business Bag/Travel Backpack (Dimensions:13x18 inches) (Compatible with 39.62cm(15.6inch laptop) 30 L (Blue & black) online at low price in India on Amazon.in. Check out Wesley Milestone 2.0 Casual Waterproof Laptop Backpack/Office Bag/School Bag/College Bag/Business Bag/Travel Backpack (Dimensions:13x18 inches) (Compatible with 39.62cm(15.6inch laptop) 30 L (Blue & black) reviews, ratings, features, specifications and more at Amazon.in",N/A,N/A,Brand: Wesley
https://www.amazon.in/SAFARI-Ltrs-Casual-Backpack-DAYPACKNEO15CBSEB/dp/B07Q7CNPMV,Safari Compact Size 15 Ltrs Casual Backpack For Unisex Adult - Sea Blue,₹248,4.0,N/A,Safari Compact Size 15 Ltrs Casual Backpack For Unisex Adult - Sea Blue : Amazon.in: Fashion,N/A,"Be it your short trips or your daily travel across the city, daypack has got you covered. With a 15 litre capacity daypack lets you carry your wallet, umbrella, kerchief, keys, earphones, Notepad, pens and other Essentials. The drawstring compartment lets you dump things that you pick up on your way. Compact Size and 2 Compartment.",Visit the Safari Store
https://www.amazon.in/gp/bestsellers/computers/1375464031/ref=sr_bs_7_1375464031_1,"American Tourister VALEX BLACK LAPTOP BACKPACK 28 Ltrs,Volume, LAPTOP COMPARTMENT, BOTTLE POCKET, FRONT ORGANIZER","₹1,199",4.3,N/A,Amazon.in Bestsellers: The most popular items in Laptop Backpacks,N/A,N/A,N/A
https://www.amazon.in/TRUE-HUMAN-Anti-Theft-backpack-charging/dp/B09QJ7ZF2Y,"TRUE HUMAN Emperor Anti-Theft backpack With USB charging Port Laptop Bag, Office bag, college bag and anti -theft back pocket (Black)",₹689,3.8,N/A,"Buy TRUE HUMAN Emperor Anti-Theft backpack With USB charging Port Laptop Bag, Office bag, college bag and anti -theft back pocket (Black) from Laptop Backpacks at Amazon.in. 30 days free exchange or return",N/A,N/A,Visit the TRUE HUMAN Store
https://www.amazon.in/ADISA-Laptop-Backpack-Office-College/dp/B09TPX22NF,ADISA 15.6 inch Laptop Backpack Office Bag College Travel Back Pack 32 Ltrs (z-Navy Blue),₹549,3.9,N/A,"Amazon.in: Buy ADISA 15.6 inch Laptop Backpack Office Bag College Travel Back Pack 32 Ltrs (z-Navy Blue) online at low price in India on Amazon.in. Check out ADISA 15.6 inch Laptop Backpack Office Bag College Travel Back Pack 32 Ltrs (z-Navy Blue) reviews, ratings, features, specifications and more at Amazon.in",N/A,N/A,Visit the ADISA Store
https://www.amazon.in/Lenovo-15-6-Inches-Everyday-Backpack/dp/B08R7RPVJF,"Lenovo 15.6"" (39.62cm) Slim Everyday Backpack, Made in India, Compact, Water-resistant, Organized storage:Laptop sleeve,tablet pocket,front workstation,2-side pockets,Padded adjustable shoulder straps",₹839,4.3,N/A,"Amazon.in: Buy Lenovo 15.6"" (39.62cm) Slim Everyday Backpack, Made in India, Compact, Water-resistant, Organized storage:Laptop sleeve,tablet pocket,front workstation,2-side pockets,Padded adjustable shoulder straps online at low price in India on Amazon.in. Check out Lenovo 15.6"" (39.62cm) Slim Everyday Backpack, Made in India, Compact, Water-resistant, Organized storage:Laptop sleeve,tablet pocket,front workstation,2-side pockets,Padded adjustable shoulder straps reviews, ratings, features, specifications and more at Amazon.in",N/A,N/A,Brand: Lenovo
https://www.amazon.in/LOOKMUSTER-Waterproof-Backpack-College-Business/dp/B0BZW8KW18,LOOKMUSTER (15.6 inch 30 L Casual Waterproof Laptop Backpack/Office Bag/School Bag/College Bag/Business Bag/Unisex Travel Backpack,₹439,3.9,N/A,Buy LOOKMUSTER (15.6 inch 30 L Casual Waterproof Laptop Backpack/Office Bag/School Bag/College Bag/Business Bag/Unisex Travel Backpack from Laptop Backpacks at Amazon.in. 30 days free exchange or return,N/A,N/A,Brand: LOOKMUSTER
https://www.amazon.in/gp/bestsellers/luggage/2917507031/ref=sr_bs_6_2917507031_1,Sfane Polyester 23cms Duffle/Shoulder/Gym Bag for Men & Women with Separate Shoe Compartment (Grey),₹427,4.3,N/A,Amazon.in Bestsellers: The most popular items in Sports Duffles,N/A,N/A,N/A
https://www.amazon.in/Wesley-Milestone-Waterproof-Backpack-Business/dp/B07NJRPJ6Q,Wesley Milestone 15.6 inch 25 L Casual Waterproof Laptop Backpack/Office Bag/School Bag/College Bag/Business Bag/Unisex Travel Backpack (Black),₹448,4.3,N/A,"Amazon.in: Buy Wesley Milestone 15.6 inch 25 L Casual Waterproof Laptop Backpack/Office Bag/School Bag/College Bag/Business Bag/Unisex Travel Backpack (Black) online at low price in India on Amazon.in. Check out Wesley Milestone 15.6 inch 25 L Casual Waterproof Laptop Backpack/Office Bag/School Bag/College Bag/Business Bag/Unisex Travel Backpack (Black) reviews, ratings, features, specifications and more at Amazon.in",N/A,N/A,Brand: Wesley
https://www.amazon.in/gp/bestsellers/luggage/1984990031/ref=sr_bs_14_1984990031_1,"Storite Dust & Rain Cover for Backpack with Pouch, Waterproof Dustproof Rain Cover Bag Elastic Adjustable for School, College,Office, Trekking Bags (30L-35L,Black)",₹199,4.6,N/A,Amazon.in Bestsellers: The most popular items in Bag & Backpack Covers,N/A,N/A,N/A
https://www.amazon.in/gp/bestsellers/computers/1375466031/ref=sr_bs_3_1375466031_1,Bennett™ Mystic Formal Business Briefcase Bag Crossbody Messenger College Bags For Men Women MacBook INoteBook ITablet Laptop Upto 15.6 Inch | Handbags with Shoulder Straps (Blue) 6 Months Warranty,₹512,4.0,N/A,Amazon.in Bestsellers: The most popular items in Laptop Messenger & Shoulder Bags,N/A,N/A,N/A
https://www.amazon.in/ADISA-BP005-Weight-Casual-Backpack/dp/B07F3X45WZ,ADISA Light Weight Laptop Backpack 32 Ltrs,₹499,4.0,N/A,"Amazon.in: Buy ADISA Light Weight Laptop Backpack 32 Ltrs (BP005-NAV_Navy Blue) online at low price in India on Amazon.in. Check out ADISA Light Weight Laptop Backpack 32 Ltrs (BP005-NAV_Navy Blue) reviews, ratings, features, specifications and more at Amazon.in",N/A,N/A,Visit the ADISA Store
https://www.amazon.in/gp/bestsellers/luggage/2917442031/ref=sr_bs_10_2917442031_1,DEIN KLEIDER Men's Nylon Messenger Bag,₹349,4.0,N/A,Amazon.in Bestsellers: The most popular items in Messenger & Sling Bags,N/A,N/A,N/A
https://www.amazon.in/Wesley-Milestone-Waterproof-Backpack-Business/dp/B07K8KLB3P,"Wesley Unisex Milestone Casual Waterproof Laptop Office School College Business Travel Backpack 25 L (Dimensions: 12.5x18 inches) (Compatible with 15.6 inch laptops), Navy Blue",₹448,4.3,N/A,"Amazon.in: Buy Wesley Unisex Milestone Casual Waterproof Laptop Office School College Business Travel Backpack 25 L (Dimensions: 12.5x18 inches) (Compatible with 15.6 inch laptops), Navy Blue online at low price in India on Amazon.in. Check out Wesley Unisex Milestone Casual Waterproof Laptop Office School College Business Travel Backpack 25 L (Dimensions: 12.5x18 inches) (Compatible with 15.6 inch laptops), Navy Blue reviews, ratings, features, specifications and more at Amazon.in",N/A,N/A,Brand: Wesley
https://www.amazon.in/American-Tourister-BACKPACK-COMPARTMENT-ORGANIZER/dp/B0BTD4FK9G,"American Tourister VALEX BLUE LAPTOP BACKPACK 28 Ltrs,Volume, LAPTOP COMPARTMENT, BOTTLE POCKET, FRONT ORGANIZER","₹1,399",4.2,N/A,"Buy American Tourister VALEX BLUE LAPTOP BACKPACK 28 Ltrs,Volume, LAPTOP COMPARTMENT, BOTTLE POCKET, FRONT ORGANIZER from Laptop Backpacks at Amazon.in. 30 days free exchange or return",N/A,"A backpack isn’t just a bag. It’s a cache, a case, a mobile base of sorts. And it is a reflection of the care you’ve put into selecting the ideal loadout of items to keep on you. Introducing Valex, a modern everyday backpacks collections are available in a variety of nice looking colours to express your true self",Brand: American Tourister
https://www.amazon.in/Storage-Disposable-Freezer-Feeding-Transparent/dp/B099ZZ57FT,"Luv Lap LuvLap Baby Breast Milk Storage Bags (Pack of 25), BPA Free Disposable Milk Freezer Bags for Breast Feeding, Transparent",₹349,4.4,N/A,"Amazon.in: Buy Luv Lap LuvLap Baby Breast Milk Storage Bags (Pack of 25), BPA Free Disposable Milk Freezer Bags for Breast Feeding, Transparent online at low price in India on Amazon.in. Check out Luv Lap LuvLap Baby Breast Milk Storage Bags (Pack of 25), BPA Free Disposable Milk Freezer Bags for Breast Feeding, Transparent reviews, ratings, specifications and more at Amazon.in. Free Shipping, Cash on Delivery Available.",N/A,"Baby Breast Milk Storage Bags, BPA Free Disposable Milk Freezer Bags for Breast Feeding (Pack of 25 Bags)",Visit the LuvLap Store
https://www.amazon.in/ADISA-Laptop-Backpack-Office-College/dp/B0BPVLXD53,ADISA 32L Large Laptop Backpack Office Bag College Travel Back Pack with rain Cover (Grey),₹699,3.8,N/A,"Amazon.in: Buy ADISA 32L Large Laptop Backpack Office Bag College Travel Back Pack with rain Cover (Grey) online at low price in India on Amazon.in. Check out ADISA 32L Large Laptop Backpack Office Bag College Travel Back Pack with rain Cover (Grey) reviews, ratings, features, specifications and more at Amazon.in",N/A,N/A,Visit the ADISA Store
https://www.amazon.in/gp/bestsellers/electronics/1389022031/ref=sr_bs_7_1389022031_1,"Dyazo Water Resistant Camera Bag/Case Shoulder Strap Space for Photography Lens and Accessories Compatible for Nikon, Canon, Sony, Panasonic, Samsung & Other SLR/DSLR etc (Black & Silver)",₹799,4.3,N/A,Amazon.in Bestsellers: The most popular items in Camera Cases,N/A,N/A,N/A
https://www.amazon.in/FUR-JADEN-Leatherette-Polypropylene-DUFF05/dp/B07M9BRCQ5,Fur Jaden Brown Textured Leatherette Stylish & Spacious Weekender Duffle Bag for Travel,N/A,4.3,N/A,Fur Jaden Black Textured Leatherette Stylish & Spacious Weekender Duffle Bag for Travel : Amazon.in: Fashion,N/A,"Get your globe-trotting in full swing with this handy duffel bag, while also carrying your basic essentials. The minimalistic design allows the millennial in you to travel anywhere without any hassles. This versatile duffel bag from Fur Jaden can be carried in your hand or on your shoulders using a Shoulder Strap provided with the Bag. Fret not on your escapades as this will bear the wear and tear of persistent use in the long run. This sturdy duffel bag from Fur Jaden can be taken along with you for those business trips or weekend getaway. The minimalistic design of this duffel bag from Fur Jaden enhances the durable looks of it. Making it so sophisticated yet the versatile functionality of it creates an endless list of possibilities to carry about will keep the on-lookers admiring. Pack your stuff and go on a whimsical adventure to complete your bucket list. For those surprise plans, just grab your valuables and essentials and you will be good to go.",Brand: FUR JADEN
https://www.amazon.in/Genie-Clara-Backpack-Women-compartments/dp/B097JJGR1N,"Genie Clara Backpack for Women - 3 compartments, Laptop Bags for Girls, Stylish and Trendy College Backpacks for Girls, Water Resistant and Lightweight Bags for Office and Travelling Purpose.","₹1,279",4.4,N/A,"Buy Genie Clara Backpack for Women - 3 compartments, Laptop Bags for Girls, Stylish and Trendy College Backpacks for Girls, Water Resistant and Lightweight Bags for Office and Travelling Purpose. from Laptop Backpacks at Amazon.in. 30 days free exchange or return",N/A,"How do you describe a Perfect School Backpack? Spacious enough to carry all the books, yet Light Weight! Padded Laptop Sleeve to keep it secure and sound. Multiple Pockets to segregate all the items and keep it easily accessible. An Organizer to keep your each and every school supplies in an arranged manner. Side Pocket to keep the Water Bottle. Water Resistant exteriors to keep all your worries at bay and lastly, latest and trendy design to keep those ""Cute Bagpack"" compliment coming in! Yes. We have that Perfect Bag for you, in our Genie store. Bringing you a cute, stylish and trendy design, Genie Clara School Bag.",Visit the Genie Store
https://www.amazon.in/Urban-Tribe-Laptop-Backpack-Havana/dp/B01LXNNFDF,"URBAN TRIBE Havana Laptop Backpack for Men & Women | Laptop Bag 15.6 inch | Office Work/Casual/College Bag | Black, 27L",₹939,3.9,N/A,"Buy URBAN TRIBE Havana Laptop Backpack for Men & Women | Laptop Bag 15.6 inch | Office Work/Casual/College Bag | Blue, 27L from Laptop Backpacks at Amazon.in. 30 days free exchange or return",N/A,N/A,Visit the URBAN TRIBE Store
https://www.amazon.in/Urban-Tribe-Laptop-Backpack-Havana/dp/B01LXNNFDF,"URBAN TRIBE Havana Laptop Backpack for Men & Women | Laptop Bag 15.6 inch | Office Work/Casual/College Bag | Black, 27L",₹939,3.9,N/A,"Buy URBAN TRIBE Havana Laptop Backpack for Men & Women | Laptop Bag 15.6 inch | Office Work/Casual/College Bag | Blue, 27L from Laptop Backpacks at Amazon.in. 30 days free exchange or return",N/A,N/A,Visit the URBAN TRIBE Store
https://www.amazon.in/Sfane-Women-Trendy-Black-Duffel/dp/B07GCR84D9,"Sfane Polyester 9.05 Black Men & Women Trendy Black Sports Duffle Gym Bag, Shoulder Bag",₹359,4.2,N/A,"Buy Sfane Polyester 9.05 Black Men & Women Trendy Black Sports Duffle Gym Bag, Shoulder Bag from Sports Duffles at Amazon.in. 30 days free exchange or return",N/A,"Sfane Sports Bag practical everyday sizing make it great for hauling just about anything. Big Compartment holds Sports Clothing, Gloves, Shaker, Sports ball, Sports Accessories, etc. Or anything that might be wet or soiled. High quality provide years of dependable service. Made in India.",Visit the Sfane Store
https://www.amazon.in/ADISA-BP004-Weight-Casual-Backpack/dp/B07G3CG9FC,ADISA Laptop Backpack 31 Ltrs,₹499,4.0,N/A,"Amazon.in: Buy ADISA Laptop Backpack 31 Ltrs (BP004-NAV_Navy Blue) online at low price in India on Amazon.in. Check out ADISA Laptop Backpack 31 Ltrs (BP004-NAV_Navy Blue) reviews, ratings, features, specifications and more at Amazon.in",N/A,N/A,Visit the ADISA Store
https://www.amazon.in/Asus-BP1504-15-6-inch-Laptop-Backpack/dp/B0895ZZHKK,Asus BP1504 39.62 cm (15.6-inch) Laptop Backpack (Dark Grey),₹819,4.2,N/A,"Amazon.in: Buy Asus BP1504 39.62 cm (15.6-inch) Laptop Backpack (Dark Grey) online at low price in India on Amazon.in. Check out Asus BP1504 39.62 cm (15.6-inch) Laptop Backpack (Dark Grey) reviews, ratings, features, specifications and more at Amazon.in",N/A,"ASUS BP1504 offers stylish, elegant protection for laptops with displays up to 15.6 inch. Elegant and lightweight Cross-dyed Woven Fabric making for a truly beautiful accessory to any NoteBook laptop.",Visit the ASUS Store
https://www.amazon.in/Genie-compartments-Resistant-Lightweight-Travelling/dp/B0C85YB2S3,"Genie Royale Laptop Backpack for Women, 3 compartments, Water Resistant and Lightweight Bags for Office and Travelling Purpose. 36 litres. (19 inch) Black colour",₹899,N/A,N/A,"Buy Genie Royale Laptop Backpack for Women, 3 compartments, Water Resistant and Lightweight Bags for Office and Travelling Purpose. 36 litres. (19 inch) Black colour from Laptop Backpacks at Amazon.in. 30 days free exchange or return",N/A,"How do you describe a Perfect Backpack? Spacious enough to carry a lot of stuff, yet Light Weight! Padded Laptop Sleeve to keep it secure and sound. Multiple Pockets to segregate all the items and keep it easily accessible. An Organizer to keep your each and every school supplies in an arranged manner. Side Pocket to keep the Water Bottle. Water Resistant exteriors to keep all your worries at bay and lastly, latest and trendy design to keep those ""Cute Bagpack"" compliment coming in! Yes. We have that Perfect Bag for you, in our Genie store. Bringing you a cute, stylish and trendy design, Genie Royale School Bag.",Visit the Genie Store
https://www.amazon.in/Tabelito%C2%AE-Delta-Waterproof-Backpack-Compatible/dp/B0BLK1Z7DQ,"Tabelito® DELTA Casual Waterproof Laptop Backpack/Office Bag/School Bag/College Bag/Business Bag/Unisex Travel Backpack (Compatible with 15.6 inch Laptop) 30 L, (6 Month Warranty)",₹599,4.6,N/A,"Amazon.in: Buy Tabelito® DELTA Casual Waterproof Laptop Backpack/Office Bag/School Bag/College Bag/Business Bag/Unisex Travel Backpack (Compatible with 15.6 inch Laptop) 30 L, Charcoal Black online at low price in India on Amazon.in. Check out Tabelito® DELTA Casual Waterproof Laptop Backpack/Office Bag/School Bag/College Bag/Business Bag/Unisex Travel Backpack (Compatible with 15.6 inch Laptop) 30 L, Charcoal Black reviews, ratings, features, specifications and more at Amazon.in",N/A,,Brand: Tabelito
https://www.amazon.in/Aristocrat-Unisex-Oxford-Fabric-28-82L/dp/B09ZV86P4S,Aristocrat Unisex Black Oxford Fabric 28.82L Laptop Bags,₹760,3.5,N/A,Buy Aristocrat Unisex Black Oxford Fabric 28.82L Laptop Bags from Laptop Backpacks at Amazon.in. 30 days free exchange or return,N/A,2 Main Compartments -Laptop Compatible -Side Fabric Pocket - Shouilder Strap Reinforcement,Visit the Aristocrat Store
https://www.amazon.in/MOKOBARA-Work-Backpack-Resistant-Reflection/dp/B0C9J8JJ6C,"MOKOBARA The Work Backpack - II Black Nylon Water Resistant (16"") Laptop | Work | Travel Bag for Men and Women","₹8,999",4.0,N/A,"Buy MOKOBARA The Work Backpack - II Black Nylon Water Resistant (16"") Laptop | Work | Travel Bag for Men and Women (Crypto) from Laptop Backpacks at Amazon.in. 30 days free exchange or return",N/A,N/A,Visit the MOKOBARA Store
https://www.amazon.in/Gear-Executive-Anti-Theft-Backpack-BKPPKREXE0101/dp/B097KCMQKG,Gear Parker 23L Water Resistant Anti Theft Laptop Bag/Backpack for Men/Women - Black,₹644,4.3,N/A,Buy Gear Parker 23L Water Resistant Anti Theft Laptop Bag/Backpack for Men/Women - Black from Laptop Backpacks at Amazon.in. 30 days free exchange or return,N/A,"Gear bags are designed for the quick commute as well for the long journey. These backpacks can be used as laptop bags, adventure bags and so on. Your favorite travel companion, the backpacks come with enough storage space to carry all your requirements.",Visit the Gear Store
https://www.amazon.in/AUXTER-BLACKY-Duffel-Emboss-Black/dp/B07F2H25NP,AUXTER Faux Leather 23 Cms Duffle Bag(AUX_GB_LE_Black -SE__0521_Black),₹429,4.3,N/A,Buy AUXTER Faux Leather 23 Cms Duffle Bag(AUX_GB_LE_Black -SE__0521_Black) from Sports Duffles at Amazon.in. 30 days free exchange or return,N/A,N/A,Visit the AUXTER Store
https://www.amazon.in/Chic-Buddy-Waterproof-Swimsuits-Toiletries/dp/B0B25B5PB6,"Chic Buddy Waterproof Wet Bag, Washable, Reusable for Travel, Beach, Pool, Stroller, Diapers, Dirty Gym Clothes, Wet Swimsuits, Toiletries",₹299,4.4,N/A,"Chic Buddy Waterproof Wet Bag, Washable, Reusable for Travel, Beach, Pool, Stroller, Diapers, Dirty Gym Clothes, Wet Swimsuits, Toiletries (BARN-OWL) : Amazon.in: Baby Products",N/A,N/A,Visit the Chic Buddy Store
https://www.amazon.in/Gear-Training-Travel-Duffel-DUFCRSTNG4314/dp/B098FG3GVX,Gear Polyester 23 Cms Travel Bag(DUFCRSTNG4314_Khaki),₹489,4.1,N/A,Buy Gear Polyester 23 Cms Travel Bag(DUFCRSTNG4314_Khaki) from Sports Duffles at Amazon.in. 30 days free exchange or return,N/A,"The Cross Training Duffel from Gear is the optimum solution for an all-purpose duffel bag - whether its the gym, that weekend travel, the training field or the sports arena. Every Gear Bag is tested in real world conditions and crafted with user insights to achieve optimum functionality.",Visit the Gear Store
https://www.amazon.in/NOVICZ-HK001-TRAWOC-SKYBLUE-Blue-Rucksack/dp/B079N6KHPJ,"TRAWOC 60 Ltr Trekking Rucksack Travel Bag Hiking Backback, 1 Year Warranty, HK001","₹1,626",4.4,N/A,"Buy TRAWOC 60 Ltr Travel Bag Trekking Rucksack Travel Bag Hiking Backback, Black (1 YEAR WARRANTY) from Rucksacks & Trekking Backpacks at Amazon.in. 30 days free exchange or return",N/A,N/A,Visit the TRAWOC Store
https://www.amazon.in/LuvLap-Travel-Multifunctional-Waterproof-Bag-Backpack/dp/B07W6Z8XKB,LuvLap Lily Travel Multifunctional Waterproof Diaper Bag-Backpack Cum Tote Bag (Black),"₹1,149",4.4,N/A,LuvLap Lily Travel Multifunctional Waterproof Diaper Bag-Backpack Cum Tote Bag (Black) : Amazon.in: Baby Products,N/A,"Two way carry - diaper bag can be carried both as a back pack or as a tote bag. Waterproof and easy to clean - made of premium oxford material makes this bag water resistant, thereby safe from water and milk spills. Large storage capacity with 15 pockets - 7 inner pockets with a key ring holder and 8 outer pockets allows organizing items easily, making more space and finding essentials faster. 2 Insulated bottle holders with inner tin foil insulation layer, helps keep milk warm on-the-go, wide view top zipper compartment with metal support allows wide easy viewing to place or take out things easily, hidden anti-theft pocket design at the back and an easy access back pocket makes it convenient and secure. Unique tissue dispensing side pocket allow easy access to tissues during an accidental spill, includes diaper changing mat allowing convenient on-the-go diaper change.",Visit the LuvLap Store
https://www.amazon.in/gp/bestsellers/shoes/1983354031/ref=sr_bs_15_1983354031_1,Lavie Women's Ushawu Satchel Bag | Ladies Purse Handbag,"₹1,249",4.1,N/A,Amazon.in Bestsellers: The most popular items in Women's Satchels,N/A,N/A,N/A
https://www.amazon.in/gp/bestsellers/shoes/1983354031/ref=sr_bs_0_1983354031_1,Lavie Women's Ushawu Satchel Bag | Ladies Purse Handbag,"₹1,249",4.1,N/A,Amazon.in Bestsellers: The most popular items in Women's Satchels,N/A,N/A,N/A
https://www.amazon.in/ADISA-Laptop-Backpack-Office-College/dp/B0BXQZ6Q85,ADISA Large Laptop Backpack Office Bag College Travel Back Pack with USB (Black),₹599,3.8,N/A,"Amazon.in: Buy ADISA Large Laptop Backpack Office Bag College Travel Back Pack with USB (Black) online at low price in India on Amazon.in. Check out ADISA Large Laptop Backpack Office Bag College Travel Back Pack with USB (Black) reviews, ratings, features, specifications and more at Amazon.in",N/A,"High Quality large and spacious laptop backpack with 1 main laptop compartment and 1 front easy-access pocket. It is ideal for carrying laptop inside with padding for safety and space for laptop accessories like charger, etc. It also has organiser for pens, visiting cards, etc along with space for carrying papers, files, etc. It has provision for holding bottles on one side and has USB charging slot on the other side. It has padded shoulder straps for your comfort.",Visit the ADISA Store
https://www.amazon.in/Polyester-Gym-Bag-Shoulder-Compartment/dp/B0BXB21C4T,Risen style Polyester Duffle/Gym Bag/Shoulder Bag for Men & Women with Separate Shoes Compartment,₹349,N/A,N/A,Buy Risen style Polyester Duffle/Gym Bag/Shoulder Bag for Men & Women with Separate Shoes Compartment from Sports Duffles at Amazon.in. 30 days free exchange or return,N/A,"This Risen style Premium Sports Duffel Gym bag has one spacious main pocket and one separate shoe pocket for shoes and wet clothes. One front pocket for Shampoo, Keys and Accessories. Side mesh pocket fits one water bottle / protein shaker. This bag is good companion for sports and Could be served as a sports gym bag, basketball bag, dance Classes bag, camp / airplane duffel, carry-on luggage, Just-In Case bag as well.",Brand: RISEN STYLE
https://www.amazon.in/POLESTAR-Casual-bagpack-School-Backpack/dp/B07PQQ8M7B,"POLESTAR Noble 32 L Bag for College, School, Office, Casual Multipurpose Backpack with 15.6"" Laptop Compartment, Water Resistant, Unisex Design, Stylish & Durable, 1 Year Warranty",₹579,3.9,N/A,"Buy POLESTAR Noble 32 L College/School/Office/Casual/Travel Backpack with 15.6"" Laptop Compartment, Made with Polyester, 1 Year Warranty (Black & Blue) from Casual Backpacks at Amazon.in. 30 days free exchange or return",N/A,N/A,Visit the POLESTAR Store
https://www.amazon.in/Cosmus-Casual-Backpack-Charger-College/dp/B09HX54TGF,COSMUS Vogue Casual Laptop Backpack with USB Charger Port 46cm 26 Litre Maroon College Bag,"₹1,409",4.2,N/A,Buy Cosmus Vogue Casual Laptop Backpack with USB Charger Port 46cm 26 Litre Dark Grey College Bag from Laptop Backpacks at Amazon.in. 30 days free exchange or return,N/A,N/A,Visit the COSMUS Store
https://www.amazon.in/Police-Polyester-Laptop-Spec-Backpack/dp/B07ZB8NWTZ,POLICE Polyester 35 Ltr Laptop Big Low Spec Laptop Backpack - Black/Navy,"₹1,569",3.3,N/A,Buy POLICE Polyester 35 Ltr Laptop Big Low Spec Laptop Backpack - Black/Navy from Laptop Backpacks at Amazon.in. 30 days free exchange or return,N/A,N/A,Visit the POLICE Store
https://www.amazon.in/Kuber-Industries-Carrying-Multi-Purpose-CTKTC034726/dp/B083J6774T,Kuber Industries Rexine Jumbo Attachi Travel Blanket Cover|Travel Duffle|Storage Carrying Bag|Travel Multi-Purpose Bag|Size 58 x 48 x 34 CM (Grey) CTKTC034726,₹396,3.7,N/A,"Kuber Industries Rexine Jumbo Attachi Travel Blanket Cover|Travel Duffle|Storage Carrying Bag|Travel Multi-Purpose Bag|Size 58 x 48 x 34 CM (Grey) CTKTC034726 : Amazon.in: Bags, Wallets and Luggage",N/A,"Multipurpose:You can use it when shopping, home organizing, travelling, storage,etc. Save your time and space with big capacity. Can attach on the draw bar of suitcase, luggage etc. . Durable Material, High Quality: Made of high quality Rexine Material, soft and smoothly touching feelings;high quality zippers. High workmanship and quality control. Durable and Fashionable. . Convenient Human Design:Spacious capacity,lightweight and foldable with one additional small zipper pocket. Convenient for your travelling around and organize all your clothes, socks, Toiletry makeups,etc. . Luggage Handle through This Bag's Pocket:This Cabin Approved Flight Bag can be fixed stably on your suitcase or luggage handle when you are travelling outside and Unfold at the airport to avoid extra baggage charges.",Visit the Kuber Industries Store
https://www.amazon.in/Caprese-Yondella-Womens-Sling-Saddle/dp/B07B9FBW3C,Caprese Yondella Women's Sling Bag (Saddle),₹928,4.3,N/A,Caprese Yondella Women's Sling Bag (Saddle) : Amazon.in: Fashion,N/A,"A dream to create an avant - garde range of hand bags and accessories that manifest this free spirited culture. To be adorned by today's urban woman who reflects the tomorrows. With a confident aesthetic sense, sleek cuts and an indulgent voice to suit any occasion - Caprese’s every design is crafted as a style testament to every woman who wishes to announce her arrival in life.",Visit the Caprese Store
https://www.amazon.in/Harddo%C2%AE-Polyester-Cover-School-Backpacks/dp/B08D8BS5R4,Harddo® 100% Dust Proof & Waterproof Rain Cover for Backpack Bags with Pouch - 30L-40L | Clip Lock Mechanism,₹375,4.0,N/A,"Harddo® 100% Dust Proof & Waterproof Rain Cover for Backpack Bags with Pouch - 30L-40L | Clip Lock Mechanism : Amazon.in: Bags, Wallets and Luggage",N/A,Harddo Rain Cover for backpack adjustable between 30L and 40L. 100% Waterproof fabric in use. Elastic circumference makes it easy to adjust to different sizes giving it a snug-fit. Covering Area: Approx. 50 X36X18cm [HXLXW]. Now you can keep your pack dry and to keep your worries away while you soak in the rains.,Visit the harddo Store
